,AR3C(4mwf),2A12(4web),AR3A(6bkb),AR3B(6bkc),AR3D(6bkd),HEPC74(6meh),HEPC3(6mei),HEPC3(6mej),HEPC46(6mej),HEPC3(6mek),HEPC46(6mek),AR3X(6urh),AR3C(6uyd),AR3B(6uyf),AR3A(6uyg),E1(6uyg),AR3C(6uym),U1(6wo3),HC11(6wo4),212.1.1(6wo5),E1(6wo5),E1(6woq),HC1AM(6woq),RM2-01(7jtf),RM11-43(7jtg),2A12(7mww),2A12(7mwx),mAb1198(7rfb),mAb1382(7rfc),AR4A(7t6x),AT12009(7t6x),HEPC74(8fsj),AR4A(8fsj),HC84.26(8tgv),HC84.26(8thz),CBH_7(8thz),hcab55(8w0v),hcab64(8w0w),hcab40(8w0x),hcab17(8w0y),CBH-4B(8txq),HEPC108
AR3C(4mwf),0.0,108.46275329589844,7.293285846710205,7.667130947113037,12.502964973449707,17.712671279907227,6.186813831329346,7.480681419372559,147.91552734375,10.239253044128418,155.09597778320312,15.208647727966309,0.7999080419540405,8.433098793029785,2.32034969329834,135.91400146484375,2.2512497901916504,20.695907592773438,4.417654037475586,16.6103458404541,136.6947479248047,135.42526245117188,28.548381805419922,35.67037582397461,34.7657356262207,115.01551818847656,115.37506103515625,16.65030860900879,23.64936065673828,70.18439483642578,1.6960443258285522,11.23424243927002,72.78567504882812,35.082332611083984,39.37863540649414,101.36945343017578,8.45865249633789,10.197826385498047,77.72908782958984,135.6313934326172,124.0754165649414,20.410266876220703
2A12(4web),108.46275329589844,0.0,115.74243927001953,113.91929626464844,118.79566955566406,121.5468978881836,113.88101196289062,113.63825225830078,83.35002136230469,114.56817626953125,82.2509536743164,121.28213500976562,108.21406555175781,113.672607421875,110.75748443603516,72.98080444335938,110.18486785888672,126.60630798339844,112.19963836669922,110.16140747070312,74.0479736328125,72.76459503173828,106.81607055664062,72.80194854736328,74.17188262939453,6.567368030548096,6.913045406341553,92.09587860107422,90.0277099609375,63.4618034362793,106.78251647949219,119.68364715576172,59.194889068603516,74.67919921875,70.8742904663086,56.56366729736328,113.76148986816406,115.25978088378906,33.31855392456055,83.79542541503906,16.397371292114258,93.13874053955078
AR3A(6bkb),7.293285846710205,115.74243927001953,0.0,5.96666955947876,7.884908199310303,12.589730262756348,3.0946528911590576,5.262910842895508,145.47315979003906,7.6582441329956055,151.91574096679688,9.344473838806152,7.534238815307617,7.198763847351074,4.9860944747924805,136.5879364013672,5.641946315765381,14.805718421936035,3.9999284744262695,17.467788696289062,137.13192749023438,136.16134643554688,29.63632583618164,42.959712982177734,42.0200309753418,122.2908706665039,122.65359497070312,23.782686233520508,29.778879165649414,74.4671859741211,8.985221862792969,4.055936813354492,77.40959167480469,42.01247024536133,46.23365783691406,105.4928207397461,6.304002285003662,6.98258113861084,84.72994995117188,134.3040771484375,131.2692108154297,26.426965713500977
AR3B(6bkc),7.667130947113037,113.91929626464844,5.96666955947876,0.0,5.1709675788879395,18.436023712158203,8.213101387023926,10.58964729309082,141.03744506835938,13.343072891235352,147.9467010498047,15.045391082763672,8.379486083984375,1.2417503595352173,6.503366470336914,130.9025421142578,7.739892959594727,13.551794052124023,7.82102108001709,11.504288673400879,131.5078582763672,130.45994567871094,23.697917938232422,41.39919662475586,39.7474250793457,120.48220825195312,120.80459594726562,23.46080207824707,25.53819465637207,77.78034210205078,8.822317123413086,7.38649845123291,80.43097686767578,42.019371032714844,46.38852310180664,99.6898193359375,11.75268840789795,12.77664566040039,84.35261535644531,129.27732849121094,129.96658325195312,22.16783332824707
AR3D(6bkd),12.502964973449707,118.79566955566406,7.884908199310303,5.1709675788879395,0.0,18.272062301635742,10.932432174682617,13.1454439163208,137.60194396972656,15.359216690063477,144.15179443359375,14.700188636779785,13.1327486038208,5.15042781829834,10.867178916931152,129.2320098876953,12.024081230163574,8.381080627441406,11.327467918395996,12.412822723388672,129.6875762939453,128.83248901367188,23.677669525146484,46.469383239746094,44.66099166870117,125.34615325927734,125.6547622680664,28.622127532958984,29.620513916015625,82.06181335449219,13.831727027893066,6.257363796234131,84.8734359741211,47.181739807128906,51.54534149169922,100.84658813476562,14.15705680847168,14.58580493927002,89.51513671875,126.47102355957031,134.94610595703125,26.298768997192383
HEPC74(6meh),17.712671279907227,121.5468978881836,12.589730262756348,18.436023712158203,18.272062301635742,0.0,11.714550971984863,10.287898063659668,150.2575225830078,7.977153301239014,154.47421264648438,3.5719892978668213,17.429941177368164,19.624126434326172,15.776692390441895,146.64732360839844,15.461323738098145,20.887935638427734,13.352317810058594,29.78545570373535,146.8843536376953,146.310546875,41.72483444213867,50.580101013183594,50.77802276611328,127.80606842041016,128.23643493652344,30.95602035522461,41.36148452758789,70.71459197998047,19.17192268371582,12.037337303161621,74.26166534423828,46.99664306640625,50.687259674072266,118.08232879638672,9.49974250793457,7.683980941772461,88.67327117919922,141.8137664794922,135.26904296875,38.108436584472656
HEPC3(6mei),6.186813831329346,113.88101196289062,3.0946528911590576,8.213101387023926,10.932432174682617,11.714550971984863,0.0,2.379321336746216,148.5342559814453,5.187160015106201,155.01019287109375,9.031829833984375,6.094259262084961,9.439692497253418,4.080535411834717,139.114990234375,4.006288051605225,17.82769012451172,1.7973294258117676,19.546892166137695,139.71942138671875,138.6710968017578,31.789487838745117,41.26838684082031,40.675132751464844,120.39741516113281,120.77608489990234,21.7852725982666,29.725006103515625,71.38046264648438,7.798754692077637,6.722836494445801,74.3400650024414,39.697044372558594,43.84513854980469,106.70806884765625,3.5397777557373047,4.746892929077148,82.40017700195312,137.22518920898438,129.1301727294922,26.440229415893555
HEPC3(6mej),7.480681419372559,113.63825225830078,5.262910842895508,10.58964729309082,13.1454439163208,10.287898063659668,2.379321336746216,0.0,150.7041473388672,2.936983108520508,157.0052032470703,8.172168731689453,7.149733066558838,11.813244819641113,5.78970193862915,141.4881591796875,5.2435150146484375,19.618541717529297,3.3436899185180664,21.877769470214844,142.0972900390625,141.04246520996094,34.1212158203125,41.346622467041016,41.064144134521484,120.10982513427734,120.50277709960938,21.696931838989258,31.10978126525879,69.46971130371094,8.888626098632812,8.313896179199219,72.51146697998047,39.13679122924805,43.18478012084961,108.64997863769531,1.1796854734420776,2.727064609527588,81.73028564453125,139.5465545654297,128.57931518554688,27.886625289916992
HEPC46(6mej),147.91552734375,83.35002136230469,145.47315979003906,141.03744506835938,137.60194396972656,150.2575225830078,148.5342559814453,150.7041473388672,0.0,152.48594665527344,7.532910346984863,148.15176391601562,148.71542358398438,139.97412109375,147.47445678710938,18.554025650024414,148.70516967773438,131.44976806640625,148.73533630371094,131.44419860839844,17.164676666259766,19.11809730529785,120.03323364257812,140.80047607421875,137.4765625,77.9478530883789,77.46949768066406,152.19207763671875,133.9071807861328,138.97879028320312,148.16293334960938,142.66685485839844,135.480224609375,149.71261596679688,148.32472229003906,59.5694694519043,151.6290740966797,151.60357666015625,116.41058349609375,13.079751014709473,72.47614288330078,135.62460327148438
HEPC3(6mek),10.239253044128418,114.56817626953125,7.6582441329956055,13.343072891235352,15.359216690063477,7.977153301239014,5.187160015106201,2.936983108520508,152.48594665527344,0.0,158.33351135253906,6.716590881347656,9.815680503845215,14.57983684539795,8.698655128479004,144.21315002441406,8.050739288330078,21.049226760864258,6.27276086807251,24.731908798217773,144.7781524658203,143.7788543701172,36.973201751708984,42.820091247558594,42.853214263916016,120.9685287475586,121.3773193359375,23.141700744628906,33.74314498901367,68.12679290771484,11.519705772399902,9.833812713623047,71.31211853027344,39.8958625793457,43.79899597167969,111.54084014892578,1.8060193061828613,0.9048216938972473,82.21346282958984,141.8108673095703,129.0881805419922,30.5656795501709
HEPC46(6mek),155.09597778320312,82.2509536743164,151.91574096679688,147.9467010498047,144.15179443359375,154.47421264648438,155.01019287109375,157.0052032470703,7.532910346984863,158.33351135253906,0.0,153.04928588867188,155.89340209960938,146.94338989257812,154.4431915283203,24.502756118774414,155.68093872070312,137.41952514648438,155.4510498046875,138.78219604492188,23.237274169921875,25.074234008789062,127.5091781616211,145.5946044921875,142.88507080078125,76.40581512451172,75.9443130493164,159.28668212890625,141.13528442382812,133.50135803222656,155.47027587890625,148.73941040039062,130.35433959960938,153.31805419921875,150.95631408691406,65.11939239501953,157.79156494140625,157.4290008544922,115.56793975830078,20.56969451904297,69.86919403076172,142.99217224121094
AR3X(6urh),15.208647727966309,121.28213500976562,9.344473838806152,15.045391082763672,14.700188636779785,3.5719892978668213,9.031829833984375,8.172168731689453,148.15176391601562,6.716590881347656,153.04928588867188,0.0,15.050495147705078,16.207996368408203,13.091893196105957,143.2950897216797,12.98979377746582,17.678457260131836,10.791838645935059,26.298545837402344,143.58876037597656,142.94158935546875,38.18257522583008,49.402610778808594,49.227455139160156,127.67374420166016,128.08462524414062,29.719173431396484,38.723289489746094,72.86131286621094,16.7833309173584,8.469047546386719,76.27755737304688,46.60592269897461,50.48488235473633,114.73512268066406,7.722579479217529,6.069019794464111,88.83516693115234,138.95968627929688,135.67855834960938,35.41745376586914
AR3C(6uyd),0.7999080419540405,108.21406555175781,7.534238815307617,8.379486083984375,13.1327486038208,17.429941177368164,6.094259262084961,7.149733066558838,148.71542358398438,9.815680503845215,155.89340209960938,15.050495147705078,0.0,9.182518005371094,2.576254367828369,136.645751953125,2.0896592140197754,21.26352882385254,4.297101020812988,17.40034294128418,137.4361114501953,136.1545867919922,29.315839767456055,35.44890213012695,34.660362243652344,114.75993347167969,115.12425231933594,16.277969360351562,23.96555519104004,69.4349136352539,1.7436087131500244,11.540568351745605,72.05508422851562,34.63774108886719,38.91347122192383,101.88636016845703,8.062995910644531,9.837531089782715,77.31761169433594,136.42396545410156,123.75194549560547,20.76022720336914
AR3B(6uyf),8.433098793029785,113.672607421875,7.198763847351074,1.2417503595352173,5.15042781829834,19.624126434326172,9.439692497253418,11.813244819641113,139.97412109375,14.57983684539795,146.94338989257812,16.207996368408203,9.182518005371094,0.0,7.508225917816162,129.67550659179688,8.74439811706543,13.431734085083008,8.982707023620605,10.269084930419922,130.28713989257812,129.2313995361328,22.45669174194336,41.32686233520508,39.520965576171875,120.2279052734375,120.54116821289062,23.74129295349121,24.878400802612305,78.61630249023438,9.429692268371582,8.360483169555664,81.21046447753906,42.27656173706055,46.66386795043945,98.53180694580078,12.979564666748047,14.017578125,84.4526596069336,128.13522338867188,129.80010986328125,21.51966667175293
AR3A(6uyg),2.32034969329834,110.75748443603516,4.9860944747924805,6.503366470336914,10.867178916931152,15.776692390441895,4.080535411834717,5.78970193862915,147.47445678710938,8.698655128479004,154.4431915283203,13.091893196105957,2.576254367828369,7.508225917816162,0.0,136.43478393554688,1.2378042936325073,18.838821411132812,2.464580535888672,16.756427764892578,137.1442413330078,135.96368408203125,28.917922973632812,37.973941802978516,37.085514068603516,117.3071517944336,117.66897583007812,18.854066848754883,25.645708084106445,71.35406494140625,4.016491413116455,8.96876335144043,74.07595825195312,37.20100402832031,41.46706008911133,102.86036682128906,6.894009113311768,8.497844696044922,79.88904571533203,135.51051330566406,126.32401275634766,22.359657287597656
E1(6uyg),135.91400146484375,72.98080444335938,136.5879364013672,130.9025421142578,129.2320098876953,146.64732360839844,139.114990234375,141.4881591796875,18.554025650024414,144.21315002441406,24.502756118774414,143.2950897216797,136.645751953125,129.67550659179688,136.43478393554688,0.0,137.4970703125,125.7756576538086,138.48428344726562,119.71556091308594,1.4448264837265015,0.571640133857727,107.51774597167969,122.25959014892578,118.94347381591797,68.84545135498047,68.35975646972656,134.9510955810547,117.18429565429688,135.5499267578125,135.4919891357422,135.36514282226562,131.32974243164062,131.39495849609375,130.4844207763672,41.01571273803711,142.65484619140625,143.5704803466797,103.8819808959961,11.107553482055664,66.2360610961914,119.41236877441406
AR3C(6uym),2.2512497901916504,110.18486785888672,5.641946315765381,7.739892959594727,12.024081230163574,15.461323738098145,4.006288051605225,5.2435150146484375,148.70516967773438,8.050739288330078,155.68093872070312,12.98979377746582,2.0896592140197754,8.74439811706543,1.2378042936325073,137.4970703125,0.0,19.894330978393555,2.210984945297241,17.87491226196289,138.22647094726562,137.020751953125,29.995655059814453,37.455650329589844,36.73043441772461,116.72306060791016,117.09182739257812,18.154998779296875,25.900602340698242,70.14293670654297,3.7979257106781006,9.693917274475098,72.88241577148438,36.379703521728516,40.61509704589844,103.50405883789062,6.255044937133789,7.967452049255371,79.09312438964844,136.70745849609375,125.63856506347656,22.65859031677246
U1(6wo3),20.695907592773438,126.60630798339844,14.805718421936035,13.551794052124023,8.381080627441406,20.887935638427734,17.82769012451172,19.618541717529297,131.44976806640625,21.049226760864258,137.41952514648438,17.678457260131836,21.26352882385254,13.431734085083008,18.838821411132812,125.7756576538086,19.894330978393555,0.0,18.73763084411621,17.314064025878906,125.99650573730469,125.45030975341797,25.748394012451172,54.70723342895508,52.69125747680664,133.110595703125,133.3911590576172,36.995609283447266,36.744537353515625,89.07628631591797,22.11579704284668,11.320563316345215,92.12670135498047,55.554588317871094,59.91135787963867,102.47024536132812,20.37211036682129,20.159835815429688,97.87841033935547,121.39002227783203,142.90875244140625,33.543792724609375
HC11(6wo4),4.417654037475586,112.19963836669922,3.9999284744262695,7.82102108001709,11.327467918395996,13.352317810058594,1.7973294258117676,3.3436899185180664,148.73533630371094,6.27276086807251,155.4510498046875,10.791838645935059,4.297101020812988,8.982707023620605,2.464580535888672,138.48428344726562,2.210984945297241,18.73763084411621,0.0,18.774211883544922,139.1473846435547,138.0248260498047,30.99940299987793,39.53421401977539,38.89337921142578,118.7258529663086,119.10043334960938,20.112428665161133,28.024520874023438,70.75021362304688,6.007563591003418,7.9897918701171875,73.61455535888672,38.157955169677734,42.34363555908203,105.3155517578125,4.477633953094482,6.037022113800049,80.8773422241211,137.09683227539062,127.53768157958984,24.75865364074707
212.1.1(6wo5),16.6103458404541,110.16140747070312,17.467788696289062,11.504288673400879,12.412822723388672,29.78545570373535,19.546892166137695,21.877769470214844,131.44419860839844,24.731908798217773,138.78219604492188,26.298545837402344,17.40034294128418,10.269084930419922,16.756427764892578,119.71556091308594,17.87491226196289,17.314064025878906,18.774211883544922,0.0,120.4000015258789,119.25315856933594,12.243630409240723,40.78854751586914,37.781044006347656,116.53065490722656,116.76758575439453,27.063447952270508,20.274492263793945,84.77157592773438,16.719240188598633,18.022018432617188,86.8366928100586,44.376407623291016,48.760887145996094,88.60138702392578,23.0568904876709,24.222991943359375,84.26065063476562,119.02574157714844,126.55683898925781,17.4101619720459
E1(6wo5),136.6947479248047,74.0479736328125,137.13192749023438,131.5078582763672,129.6875762939453,146.8843536376953,139.71942138671875,142.0972900390625,17.164676666259766,144.7781524658203,23.237274169921875,143.58876037597656,137.4361114501953,130.28713989257812,137.1442413330078,1.4448264837265015,138.22647094726562,125.99650573730469,139.1473846435547,120.4000015258789,0.0,1.977738618850708,108.23140716552734,123.66419982910156,120.31861114501953,69.8172607421875,69.33073425292969,136.15902709960938,118.31236267089844,136.38214111328125,136.32252502441406,135.7769012451172,132.18276977539062,132.82635498046875,131.9285125732422,42.408267974853516,143.25662231445312,144.11061096191406,105.13324737548828,9.868943214416504,66.99668884277344,120.49301147460938
E1(6woq),135.42526245117188,72.76459503173828,136.16134643554688,130.45994567871094,128.83248901367188,146.310546875,138.6710968017578,141.04246520996094,19.11809730529785,143.7788543701172,25.074234008789062,142.94158935546875,136.1545867919922,129.2313995361328,135.96368408203125,0.571640133857727,137.020751953125,125.45030975341797,138.0248260498047,119.25315856933594,1.977738618850708,0.0,107.04888153076172,121.69915771484375,118.3759994506836,68.6802978515625,68.19512176513672,134.3839874267578,116.62727355957031,135.44192504882812,134.9915008544922,134.9774932861328,131.21304321289062,130.8486328125,129.95770263671875,40.45136642456055,142.21087646484375,143.1432647705078,103.55410766601562,11.451359748840332,66.1743392944336,118.86260986328125
HC1AM(6woq),28.548381805419922,106.81607055664062,29.63632583618164,23.697917938232422,23.677669525146484,41.72483444213867,31.789487838745117,34.1212158203125,120.03323364257812,36.973201751708984,127.5091781616211,38.18257522583008,29.315839767456055,22.45669174194336,28.917922973632812,107.51774597167969,29.995655059814453,25.748394012451172,30.99940299987793,12.243630409240723,108.23140716552734,107.04888153076172,0.0,44.48210144042969,40.39432144165039,112.68287658691406,112.81953430175781,35.679325103759766,22.276832580566406,93.51856231689453,28.402605056762695,29.747480392456055,94.98236846923828,50.54281234741211,54.66180419921875,77.330810546875,35.300411224365234,36.453914642333984,85.9770736694336,107.32268524169922,122.72272491455078,20.959026336669922
RM2-01(7jtf),35.67037582397461,72.80194854736328,42.959712982177734,41.39919662475586,46.469383239746094,50.580101013183594,41.26838684082031,41.346622467041016,140.80047607421875,42.820091247558594,145.5946044921875,49.402610778808594,35.44890213012695,41.32686233520508,37.973941802978516,122.25959014892578,37.455650329589844,54.70723342895508,39.53421401977539,40.78854751586914,123.66419982910156,121.69915771484375,44.48210144042969,0.0,4.9634108543396,79.36115264892578,79.71495819091797,19.68549346923828,22.211896896362305,52.7252082824707,33.98564529418945,46.88226318359375,52.92805862426758,10.197285652160645,12.30770206451416,81.2682876586914,41.68178176879883,43.36083221435547,43.572509765625,130.07666015625,88.61116027832031,24.010034561157227
RM11-43(7jtg),34.7657356262207,74.17188262939453,42.0200309753418,39.7474250793457,44.66099166870117,50.77802276611328,40.675132751464844,41.064144134521484,137.4765625,42.853214263916016,142.88507080078125,49.227455139160156,34.660362243652344,39.520965576171875,37.085514068603516,118.94347381591797,36.73043441772461,52.69125747680664,38.89337921142578,37.781044006347656,120.31861114501953,118.3759994506836,40.39432144165039,4.9634108543396,0.0,80.7350082397461,81.05917358398438,19.983057022094727,18.304014205932617,57.66852569580078,33.07060623168945,45.78894805908203,57.81060028076172,14.857627868652344,17.26094627380371,77.94950103759766,41.544063568115234,43.29780960083008,46.5350341796875,126.17406463623047,90.28942108154297,20.53445816040039
2A12(7mww),115.01551818847656,6.567368030548096,122.2908706665039,120.48220825195312,125.34615325927734,127.80606842041016,120.39741516113281,120.10982513427734,77.9478530883789,120.9685287475586,76.40581512451172,127.67374420166016,114.75993347167969,120.2279052734375,117.3071517944336,68.84545135498047,116.72306060791016,133.110595703125,118.7258529663086,116.53065490722656,69.8172607421875,68.6802978515625,112.68287658691406,79.36115264892578,80.7350082397461,0.0,0.4873863160610199,98.61583709716797,96.4661865234375,66.94929504394531,113.337158203125,126.24040985107422,62.68191909790039,81.0739974975586,77.20509338378906,57.05039596557617,120.20564270019531,121.67642211914062,39.25141525268555,79.3892822265625,10.102364540100098,99.60453033447266
2A12(7mwx),115.37506103515625,6.913045406341553,122.65359497070312,120.80459594726562,125.6547622680664,128.23643493652344,120.77608489990234,120.50277709960938,77.46949768066406,121.3773193359375,75.9443130493164,128.08462524414062,115.12425231933594,120.54116821289062,117.66897583007812,68.35975646972656,117.09182739257812,133.3911590576172,119.10043334960938,116.76758575439453,69.33073425292969,68.19512176513672,112.81953430175781,79.71495819091797,81.05917358398438,0.4873863160610199,0.0,98.99254608154297,96.72610473632812,67.4294204711914,113.69517517089844,126.59660339355469,63.16242980957031,81.48168182373047,77.62268829345703,56.737632751464844,120.6053695678711,122.08211517333984,39.70158767700195,78.90158081054688,9.926084518432617,99.87335205078125
mAb1198(7rfb),16.65030860900879,92.09587860107422,23.782686233520508,23.46080207824707,28.622127532958984,30.95602035522461,21.7852725982666,21.696931838989258,152.19207763671875,23.141700744628906,159.28668212890625,29.719173431396484,16.277969360351562,23.74129295349121,18.854066848754883,134.9510955810547,18.154998779296875,36.995609283447266,20.112428665161133,27.063447952270508,136.15902709960938,134.3839874267578,35.679325103759766,19.68549346923828,19.983057022094727,98.61583709716797,98.99254608154297,0.0,18.314037322998047,58.04522705078125,15.05469036102295,27.813520431518555,59.87679672241211,18.559616088867188,22.92981719970703,95.1259994506836,22.00054359436035,23.675416946411133,61.09107971191406,139.2358856201172,107.48663330078125,16.90658950805664
mAb1382(7rfc),23.64936065673828,90.0277099609375,29.778879165649414,25.53819465637207,29.620513916015625,41.36148452758789,29.725006103515625,31.10978126525879,133.9071807861328,33.74314498901367,141.13528442382812,38.723289489746094,23.96555519104004,24.878400802612305,25.645708084106445,117.18429565429688,25.900602340698242,36.744537353515625,28.024520874023438,20.274492263793945,118.31236267089844,116.62727355957031,22.276832580566406,22.211896896362305,18.304014205932617,96.4661865234375,96.72610473632812,18.314037322998047,0.0,72.71965789794922,22.23719596862793,32.7095947265625,73.66098022460938,28.810768127441406,32.71273422241211,78.83030700683594,32.01948928833008,33.802669525146484,64.66275787353516,120.9232177734375,106.41835021972656,3.374812364578247
AR4A(7t6x),70.18439483642578,63.4618034362793,74.4671859741211,77.78034210205078,82.06181335449219,70.71459197998047,71.38046264648438,69.46971130371094,138.97879028320312,68.12679290771484,133.50135803222656,72.86131286621094,69.4349136352539,78.61630249023438,71.35406494140625,135.5499267578125,70.14293670654297,89.07628631591797,70.75021362304688,84.77157592773438,136.38214111328125,135.44192504882812,93.51856231689453,52.7252082824707,57.66852569580078,66.94929504394531,67.4294204711914,58.04522705078125,72.71965789794922,0.0,69.33045959472656,77.75574493408203,4.273426055908203,44.07735061645508,40.62907791137695,112.39656829833984,68.70578002929688,69.0287857055664,37.73605728149414,145.3438720703125,69.42314147949219,73.0511245727539
AT12009(7t6x),1.6960443258285522,106.78251647949219,8.985221862792969,8.822317123413086,13.831727027893066,19.17192268371582,7.798754692077637,8.888626098632812,148.16293334960938,11.519705772399902,155.47027587890625,16.7833309173584,1.7436087131500244,9.429692268371582,4.016491413116455,135.4919891357422,3.7979257106781006,22.11579704284668,6.007563591003418,16.719240188598633,136.32252502441406,134.9915008544922,28.402605056762695,33.98564529418945,33.07060623168945,113.337158203125,113.69517517089844,15.05469036102295,22.23719596862793,69.33045959472656,0.0,12.90530776977539,71.84085845947266,33.54084014892578,37.858402252197266,100.28569793701172,9.782853126525879,11.56694507598877,76.1456527709961,135.67626953125,122.4253158569336,19.046051025390625
HEPC74(8fsj),11.23424243927002,119.68364715576172,4.055936813354492,7.38649845123291,6.257363796234131,12.037337303161621,6.722836494445801,8.313896179199219,142.66685485839844,9.833812713623047,148.73941040039062,8.469047546386719,11.540568351745605,8.360483169555664,8.96876335144043,135.36514282226562,9.693917274475098,11.320563316345215,7.9897918701171875,18.022018432617188,135.7769012451172,134.9774932861328,29.747480392456055,46.88226318359375,45.78894805908203,126.24040985107422,126.59660339355469,27.813520431518555,32.7095947265625,77.75574493408203,12.90530776977539,0.0,80.82215881347656,46.0683479309082,50.287940979003906,106.61803436279297,9.053168296813965,8.970274925231934,88.78539276123047,132.1141815185547,135.2924041748047,29.33525848388672
AR4A(8fsj),72.78567504882812,59.194889068603516,77.40959167480469,80.43097686767578,84.8734359741211,74.26166534423828,74.3400650024414,72.51146697998047,135.480224609375,71.31211853027344,130.35433959960938,76.27755737304688,72.05508422851562,81.21046447753906,74.07595825195312,131.32974243164062,72.88241577148438,92.12670135498047,73.61455535888672,86.8366928100586,132.18276977539062,131.21304321289062,94.98236846923828,52.92805862426758,57.81060028076172,62.68191909790039,63.16242980957031,59.87679672241211,73.66098022460938,4.273426055908203,71.84085845947266,80.82215881347656,0.0,44.8564567565918,41.1281623840332,108.77206420898438,71.79816436767578,72.21660614013672,34.14932632446289,141.2531280517578,65.27250671386719,74.24432373046875
HC84.26(8tgv),35.082332611083984,74.67919921875,42.01247024536133,42.019371032714844,47.181739807128906,46.99664306640625,39.697044372558594,39.13679122924805,149.71261596679688,39.8958625793457,153.31805419921875,46.60592269897461,34.63774108886719,42.27656173706055,37.20100402832031,131.39495849609375,36.379703521728516,55.554588317871094,38.157955169677734,44.376407623291016,132.82635498046875,130.8486328125,50.54281234741211,10.197285652160645,14.857627868652344,81.0739974975586,81.48168182373047,18.559616088867188,28.810768127441406,44.07735061645508,33.54084014892578,46.0683479309082,44.8564567565918,0.0,4.419382572174072,90.64765167236328,39.16044235229492,40.603572845458984,42.72117614746094,139.86273193359375,89.46167755126953,29.597318649291992
HC84.26(8thz),39.37863540649414,70.8742904663086,46.23365783691406,46.38852310180664,51.54534149169922,50.687259674072266,43.84513854980469,43.18478012084961,148.32472229003906,43.79899597167969,150.95631408691406,50.48488235473633,38.91347122192383,46.66386795043945,41.46706008911133,130.4844207763672,40.61509704589844,59.91135787963867,42.34363555908203,48.760887145996094,131.9285125732422,129.95770263671875,54.66180419921875,12.30770206451416,17.26094627380371,77.20509338378906,77.62268829345703,22.92981719970703,32.71273422241211,40.62907791137695,37.858402252197266,50.287940979003906,41.1281623840332,4.419382572174072,0.0,90.27484130859375,43.150936126708984,44.53568649291992,38.56121826171875,139.68605041503906,85.3961410522461,33.703365325927734
CBH_7(8thz),101.36945343017578,56.56366729736328,105.4928207397461,99.6898193359375,100.84658813476562,118.08232879638672,106.70806884765625,108.64997863769531,59.5694694519043,111.54084014892578,65.11939239501953,114.73512268066406,101.88636016845703,98.53180694580078,102.86036682128906,41.01571273803711,103.50405883789062,102.47024536132812,105.3155517578125,88.60138702392578,42.408267974853516,40.45136642456055,77.330810546875,81.2682876586914,77.94950103759766,57.05039596557617,56.737632751464844,95.1259994506836,78.83030700683594,112.39656829833984,100.28569793701172,106.61803436279297,108.77206420898438,90.64765167236328,90.27484130859375,0.0,109.73600006103516,111.35124206542969,74.66620635986328,49.411216735839844,62.13489532470703,81.66493225097656
hcab55(8w0v),8.45865249633789,113.76148986816406,6.304002285003662,11.75268840789795,14.15705680847168,9.49974250793457,3.5397777557373047,1.1796854734420776,151.6290740966797,1.8060193061828613,157.79156494140625,7.722579479217529,8.062995910644531,12.979564666748047,6.894009113311768,142.65484619140625,6.255044937133789,20.37211036682129,4.477633953094482,23.0568904876709,143.25662231445312,142.21087646484375,35.300411224365234,41.68178176879883,41.544063568115234,120.20564270019531,120.6053695678711,22.00054359436035,32.01948928833008,68.70578002929688,9.782853126525879,9.053168296813965,71.79816436767578,39.16044235229492,43.150936126708984,109.73600006103516,0.0,1.815853476524353,81.6587905883789,140.60748291015625,128.53494262695312,28.823102951049805
hcab64(8w0w),10.197826385498047,115.25978088378906,6.98258113861084,12.77664566040039,14.58580493927002,7.683980941772461,4.746892929077148,2.727064609527588,151.60357666015625,0.9048216938972473,157.4290008544922,6.069019794464111,9.837531089782715,14.017578125,8.497844696044922,143.5704803466797,7.967452049255371,20.159835815429688,6.037022113800049,24.222991943359375,144.11061096191406,143.1432647705078,36.453914642333984,43.36083221435547,43.29780960083008,121.67642211914062,122.08211517333984,23.675416946411133,33.802669525146484,69.0287857055664,11.56694507598877,8.970274925231934,72.21660614013672,40.603572845458984,44.53568649291992,111.35124206542969,1.815853476524353,0.0,82.98224639892578,141.0035400390625,129.86224365234375,30.592872619628906
hcab40(8w0x),77.72908782958984,33.31855392456055,84.72994995117188,84.35261535644531,89.51513671875,88.67327117919922,82.40017700195312,81.73028564453125,116.41058349609375,82.21346282958984,115.56793975830078,88.83516693115234,77.31761169433594,84.4526596069336,79.88904571533203,103.8819808959961,79.09312438964844,97.87841033935547,80.8773422241211,84.26065063476562,105.13324737548828,103.55410766601562,85.9770736694336,43.572509765625,46.5350341796875,39.25141525268555,39.70158767700195,61.09107971191406,64.66275787353516,37.73605728149414,76.1456527709961,88.78539276123047,34.14932632446289,42.72117614746094,38.56121826171875,74.66620635986328,81.6587905883789,82.98224639892578,0.0,114.98816680908203,46.881553649902344,67.06523895263672
hcab17(8w0y),135.6313934326172,83.79542541503906,134.3040771484375,129.27732849121094,126.47102355957031,141.8137664794922,137.22518920898438,139.5465545654297,13.079751014709473,141.8108673095703,20.56969451904297,138.95968627929688,136.42396545410156,128.13522338867188,135.51051330566406,11.107553482055664,136.70745849609375,121.39002227783203,137.09683227539062,119.02574157714844,9.868943214416504,11.451359748840332,107.32268524169922,130.07666015625,126.17406463623047,79.3892822265625,78.90158081054688,139.2358856201172,120.9232177734375,145.3438720703125,135.67626953125,132.1141815185547,141.2531280517578,139.86273193359375,139.68605041503906,49.411216735839844,140.60748291015625,141.0035400390625,114.98816680908203,0.0,76.00147247314453,122.56507110595703
CBH-4B(8txq),124.0754165649414,16.397371292114258,131.2692108154297,129.96658325195312,134.94610595703125,135.26904296875,129.1301727294922,128.57931518554688,72.47614288330078,129.0881805419922,69.86919403076172,135.67855834960938,123.75194549560547,129.80010986328125,126.32401275634766,66.2360610961914,125.63856506347656,142.90875244140625,127.53768157958984,126.55683898925781,66.99668884277344,66.1743392944336,122.72272491455078,88.61116027832031,90.28942108154297,10.102364540100098,9.926084518432617,107.48663330078125,106.41835021972656,69.42314147949219,122.4253158569336,135.2924041748047,65.27250671386719,89.46167755126953,85.3961410522461,62.13489532470703,128.53494262695312,129.86224365234375,46.881553649902344,76.00147247314453,0.0,109.51375579833984
HEPC108,20.410266876220703,93.13874053955078,26.426965713500977,22.16783332824707,26.298768997192383,38.108436584472656,26.440229415893555,27.886625289916992,135.62460327148438,30.5656795501709,142.99217224121094,35.41745376586914,20.76022720336914,21.51966667175293,22.359657287597656,119.41236877441406,22.65859031677246,33.543792724609375,24.75865364074707,17.4101619720459,120.49301147460938,118.86260986328125,20.959026336669922,24.010034561157227,20.53445816040039,99.60453033447266,99.87335205078125,16.90658950805664,3.374812364578247,73.0511245727539,19.046051025390625,29.33525848388672,74.24432373046875,29.597318649291992,33.703365325927734,81.66493225097656,28.823102951049805,30.592872619628906,67.06523895263672,122.56507110595703,109.51375579833984,0.0
