,AR3C(4mwf),AR3A(6bkb),AR3B(6bkc),AR3D(6bkd),HEPC74(6meh),HEPC3(6mei),HEPC3(6mej),HEPC3(6mek),AR3X(6urh),AR3C(6uyd),AR3B(6uyf),AR3A(6uyg),AR3C(6uym),U1(6wo3),HC11(6wo4),212.1.1(6wo5),HC1AM(6woq),RM2-01(7jtf),RM11-43(7jtg),mAb1198(7rfb),mAb1382(7rfc),AT12009(7t6x),HEPC74(8fsj),HC84.26(8tgv),HC84.26(8thz),hcab55(8w0v),hcab64(8w0w),HEPC108
AR3C(4mwf),0.0,10.67612769686132,18.305706095257058,23.82255641023426,85.00646608826416,95.80283862433956,96.54688633327443,95.22403083610375,83.54050608079795,5.542391075409512,18.844131437224398,9.705348763070482,4.134097210852584,58.659305597011716,7.221312193945331,55.45540399094954,83.77069143433155,132.01058596691666,138.76063904894167,94.52406455108698,118.50081684415474,25.7023641399985,84.63876675101358,75.73606961428936,73.35334543714337,110.22928359578424,110.27897548044035,122.39258919309005
AR3A(6bkb),10.67612769686132,0.0,21.914155563331544,22.189477338710084,83.68471544873931,94.11996515779892,95.47412457280511,94.1160443059367,82.79699066789411,12.25658007870661,21.443056430181855,16.397181365953315,9.498385780004469,56.03263637569496,10.242697512592715,53.99327569540202,81.90875391204752,135.4405103575155,141.59000952593817,95.68843808784084,121.64570224283501,29.573600197225886,83.27142973523966,81.73371961344476,79.18270452122212,108.50098625002666,108.70618903479432,125.29776365698375
AR3B(6bkc),18.305706095257058,21.914155563331544,0.0,10.81567381168404,88.88917572453592,96.63054598598741,96.90916961514422,95.7331815138786,86.30678661041637,12.925003133195665,2.951528709511603,14.408843868927816,19.579519693279956,59.86749311659086,25.26549377061661,40.61887981171951,68.25325230201479,143.4302055376714,149.8903975534573,104.54339242178558,126.4471917698368,37.47709260242013,87.11354456753062,88.85649921500374,86.15604097722309,111.80779296241052,113.0832611644272,130.73063520575346
AR3D(6bkd),23.82255641023426,22.189477338710084,10.81567381168404,0.0,90.28562770878834,97.40526567474775,98.10885506865324,96.85034890798825,88.55696026906364,19.366222111093233,9.845872826012238,22.713527380570845,23.800812762028837,59.420299918146206,29.12246828563189,35.691072907009534,63.812669613419985,147.6277630782168,153.5754031817798,106.23879657751755,129.9515286542327,41.34571113235332,88.33911616171838,94.66673564371958,92.23189998328664,113.04553196392423,114.3445130183188,133.988145369369
HEPC74(6meh),85.00646608826416,83.68471544873931,88.88917572453592,90.28562770878834,0.0,14.828584942275379,16.923438737465816,15.982228765973208,5.199882380877616,84.52894582794947,86.56911569140989,79.41015994057716,88.34414962871216,32.344823717271055,85.89239343234082,83.77769096543878,90.69526089852423,165.82041561522462,158.5372346753446,168.23171258070835,167.28731542329305,107.75856561634406,4.780277780068815,141.89197789857081,137.76742993678351,25.294569623280953,24.845783949753375,165.01611192148593
HEPC3(6mei),95.80283862433956,94.11996515779892,96.63054598598741,97.40526567474775,14.828584942275379,0.0,4.857578256296738,4.2580479284081205,14.896489747548479,94.68779512100917,94.28611066566135,89.4433290895718,99.24753427656003,38.84984805111248,97.37850275368487,85.0038328134966,86.13013478637842,150.96092765195664,143.19729586423756,177.8239436608283,152.65761173816813,119.61845720688152,12.353580995306242,156.44684331398264,152.022031266881,15.207848958994255,17.464581433698875,150.30585562321076
HEPC3(6mej),96.54688633327443,95.47412457280511,96.90916961514422,98.10885506865324,16.923438737465816,4.857578256296738,0.0,1.3871678180747908,15.855923925981921,95.24775719970675,94.51625800665792,89.6655593376667,99.9956081702595,40.57454519209412,98.36381746221537,85.2237088595623,85.69491640253577,150.30221158862938,142.28818209019133,176.28512754064838,152.18731326848211,120.35053340672037,13.883444403822804,156.51733046882046,151.98150044714845,14.991039261318958,17.987816962142027,149.6448642468507
HEPC3(6mek),95.22403083610375,94.1160443059367,95.7331815138786,96.85034890798825,15.982228765973208,4.2580479284081205,1.3871678180747908,0.0,14.494323383317028,93.93540812937586,93.34320601239278,88.42153849240044,98.7232532921556,39.222522296623865,97.12263215763033,84.19935200118317,85.18112646984694,151.0649405147192,143.19699658224542,177.45895103893164,153.28510153945305,119.1847705618681,12.741506062170085,155.6243073036414,151.0685090891615,15.909992270023405,18.79460259971817,150.68989558551
AR3X(6urh),83.54050608079795,82.79699066789411,86.30678661041637,88.55696026906364,5.199882380877616,14.896489747548479,15.855923925981921,14.494323383317028,0.0,82.96725760603731,84.11993543106661,77.5199150676397,86.9572041397107,29.882766016435664,85.02636680441933,80.49442268329996,86.036036914909,164.84337846699924,157.0284507488133,169.09546774852663,168.50675375975138,106.66938823915538,1.5578488395928451,142.3116567059686,137.97275745877866,25.762791962794385,25.765809005133608,164.1464314293433
AR3C(6uyd),5.542391075409512,12.25658007870661,12.925003133195665,19.366222111093233,84.52894582794947,94.68779512100917,95.24775719970675,93.93540812937586,82.96725760603731,0.0,13.307218594702306,6.242485872512739,8.066464831384138,57.30663350407721,12.660731502129199,50.24118614519027,78.44766769363375,136.3507197282274,142.90653134955295,98.37381394240657,121.87789079174138,29.655790389930864,83.79189647643375,80.05223402937291,77.79065875267615,109.26093252202327,109.81507369302071,125.86976028291568
AR3B(6uyf),18.844131437224398,21.443056430181855,2.951528709511603,9.845872826012238,86.56911569140989,94.28611066566135,94.51625800665792,93.34320601239278,84.11993543106661,13.307218594702306,0.0,14.201254553913417,20.312202685813254,57.335022469293826,25.717192338081826,38.385443795980166,66.25396420096783,145.94695139278446,152.2696276781328,106.69511421295218,129.05325213275532,39.357666563536455,84.80468935907943,91.22984650782625,88.25591510189223,109.36143145748025,110.68796317313685,133.40215275197306
AR3A(6uyg),9.705348763070482,16.397181365953315,14.408843868927816,22.713527380570845,79.41015994057716,89.4433290895718,89.6655593376667,88.42153849240044,77.5199150676397,6.242485872512739,14.201254553913417,0.0,13.495825552379706,52.98441038066696,16.302115418357463,49.532830772348625,76.80032370926766,139.391129765152,146.48022828213502,103.2625835763397,125.81078177342825,34.304107401263956,78.53027224864994,82.77992706083928,79.8529706330032,103.58723326652573,104.38995860236055,130.09406323280112
AR3C(6uym),4.134097210852584,9.498385780004469,19.579519693279956,23.800812762028837,88.34414962871216,99.24753427656003,99.9956081702595,98.7232532921556,86.9572041397107,8.066464831384138,20.312202685813254,13.495825552379706,0.0,61.7053753555176,6.180087898645852,57.37228903676075,85.47154940417691,129.42179528580147,135.92791186282156,91.09177231971513,115.5336381588224,22.730029599916637,88.04328346389042,73.96791861972875,71.94526267734858,113.45597306807414,113.6280692058783,119.35569893490249
U1(6wo3),58.659305597011716,56.03263637569496,59.86749311659086,59.420299918146206,32.344823717271055,38.84984805111248,40.57454519209412,39.222522296623865,29.882766016435664,57.30663350407721,57.335022469293826,52.98441038066696,61.7053753555176,0.0,60.823514622711116,54.84081701507043,67.74369221127361,177.3542109551957,170.45277982089092,148.22587601720036,174.9706235163873,83.29456943550882,30.462700256795582,126.90015914478815,123.32538503191896,53.79915278708583,54.94251209860909,177.6670627264408
HC11(6wo4),7.221312193945331,10.242697512592715,25.26549377061661,29.12246828563189,85.89239343234082,97.37850275368487,98.36381746221537,97.12263215763033,85.02636680441933,12.660731502129199,25.717192338081826,16.302115418357463,6.180087898645852,60.823514622711116,0.0,61.876941533449674,89.61735820169011,127.42284077346741,134.0206384768709,89.99375928957112,115.36331623403336,22.435794551903715,85.82384009186839,72.74353866830188,69.72867330570952,111.18158206844151,110.95530399104936,118.47874093907912
212.1.1(6wo5),55.45540399094954,53.99327569540202,40.61887981171951,35.691072907009534,83.77769096543878,85.0038328134966,85.2237088595623,84.19935200118317,80.49442268329996,50.24118614519027,38.385443795980166,49.532830772348625,57.37228903676075,54.84081701507043,61.876941533449674,0.0,28.099147786139632,177.45545346126946,171.55939060118217,140.97872534197333,163.0550241415496,77.07736063261592,80.24617003033352,129.2686212852775,126.55291944875576,100.41073157639902,103.24670923079118,167.6008913569407
HC1AM(6woq),83.77069143433155,81.90875391204752,68.25325230201479,63.812669613419985,90.69526089852423,86.13013478637842,85.69491640253577,85.18112646984694,86.036036914909,78.44766769363375,66.25396420096783,76.80032370926766,85.47154940417691,67.74369221127361,89.61735820169011,28.099147786139632,0.0,150.55218666202322,144.83554688144633,167.46786554997036,172.06511166926848,104.80438799090953,86.3028610198147,156.2339869914892,153.37376280470102,98.8388268280609,102.81219599853073,166.9953701821508
RM2-01(7jtf),132.01058596691666,135.4405103575155,143.4302055376714,147.6277630782168,165.82041561522462,150.96092765195664,150.30221158862938,151.0649405147192,164.84337846699924,136.3507197282274,145.94695139278446,139.391129765152,129.42179528580147,177.3542109551957,127.42284077346741,177.45545346126946,150.55218666202322,0.0,9.27231985929836,47.266029829934325,28.84373884572655,107.45627646770026,163.34664553223982,57.70879586719733,62.31869153023081,143.9411244850277,146.65884117531778,24.598579620232385
RM11-43(7jtg),138.76063904894167,141.59000952593817,149.8903975534573,153.5754031817798,158.5372346753446,143.19729586423756,142.28818209019133,143.19699658224542,157.0284507488133,142.90653134955295,152.2696276781328,146.48022828213502,135.92791186282156,170.45277982089092,134.0206384768709,171.55939060118217,144.83554688144633,9.27231985929836,0.0,50.03469008017453,31.097200374412132,113.7816910886345,155.9241017854336,66.1813790478803,70.7889712600403,136.48475681669055,139.53705554444662,25.55883898054696
mAb1198(7rfb),94.52406455108698,95.68843808784084,104.54339242178558,106.23879657751755,168.23171258070835,177.8239436608283,176.28512754064838,177.45895103893164,169.09546774852663,98.37381394240657,106.69511421295218,103.2625835763397,91.09177231971513,148.22587601720036,89.99375928957112,140.97872534197333,167.46786554997036,47.266029829934325,50.03469008017453,0.0,32.73237011767788,68.98518194314941,169.77921645256413,42.05514967353552,46.87292006090179,166.96322491556248,168.71082320582443,33.27058127802379
mAb1382(7rfc),118.50081684415474,121.64570224283501,126.4471917698368,129.9515286542327,167.28731542329305,152.65761173816813,152.18731326848211,153.28510153945305,168.50675375975138,121.87789079174138,129.05325213275532,125.81078177342825,115.5336381588224,174.9706235163873,115.36331623403336,163.0550241415496,172.06511166926848,28.84373884572655,31.097200374412132,32.73237011767788,0.0,93.22775593386527,165.7609169528169,52.62468726126881,57.667354995254,142.5373470483126,144.49345048696867,6.22007772303386
AT12009(7t6x),25.7023641399985,29.573600197225886,37.47709260242013,41.34571113235332,107.75856561634406,119.61845720688152,120.35053340672037,119.1847705618681,106.66938823915538,29.655790389930864,39.357666563536455,34.304107401263956,22.730029599916637,83.29456943550882,22.435794551903715,77.07736063261592,104.80438799090953,107.45627646770026,113.7816910886345,68.98518194314941,93.22775593386527,0.0,107.87395016825305,54.51913841815543,52.68747654697099,132.74562540929375,132.30186755352307,96.58907760090956
HEPC74(8fsj),84.63876675101358,83.27142973523966,87.11354456753062,88.33911616171838,4.780277780068815,12.353580995306242,13.883444403822804,12.741506062170085,1.5578488395928451,83.79189647643375,84.80468935907943,78.53027224864994,88.04328346389042,30.462700256795582,85.82384009186839,80.24617003033352,86.3028610198147,163.34664553223982,155.9241017854336,169.77921645256413,165.7609169528169,107.87395016825305,0.0,143.52355382419435,139.20139796731115,25.179667573276436,25.709394625235003,163.3346426459846
HC84.26(8tgv),75.73606961428936,81.73371961344476,88.85649921500374,94.66673564371958,141.89197789857081,156.44684331398264,156.51733046882046,155.6243073036414,142.3116567059686,80.05223402937291,91.22984650782625,82.77992706083928,73.96791861972875,126.90015914478815,72.74353866830188,129.2686212852775,156.2339869914892,57.70879586719733,66.1813790478803,42.05514967353552,52.62468726126881,54.51913841815543,143.52355382419435,0.0,5.193220784874318,165.4319667495024,163.73908315658076,55.46643538808557
HC84.26(8thz),73.35334543714337,79.18270452122212,86.15604097722309,92.23189998328664,137.76742993678351,152.022031266881,151.98150044714845,151.0685090891615,137.97275745877866,77.79065875267615,88.25591510189223,79.8529706330032,71.94526267734858,123.32538503191896,69.72867330570952,126.55291944875576,153.37376280470102,62.31869153023081,70.7889712600403,46.87292006090179,57.667354995254,52.68747654697099,139.20139796731115,5.193220784874318,0.0,161.08423137807526,159.47050103496878,60.423251022836546
hcab55(8w0v),110.22928359578424,108.50098625002666,111.80779296241052,113.04553196392423,25.294569623280953,15.207848958994255,14.991039261318958,15.909992270023405,25.762791962794385,109.26093252202327,109.36143145748025,103.58723326652573,113.45597306807414,53.79915278708583,111.18158206844151,100.41073157639902,98.8388268280609,143.9411244850277,136.48475681669055,166.96322491556248,142.5373470483126,132.74562540929375,25.179667573276436,165.4319667495024,161.08423137807526,0.0,4.992064270785486,140.64169272169158
hcab64(8w0w),110.27897548044035,108.70618903479432,113.0832611644272,114.3445130183188,24.845783949753375,17.464581433698875,17.987816962142027,18.79460259971817,25.765809005133608,109.81507369302071,110.68796317313685,104.38995860236055,113.6280692058783,54.94251209860909,110.95530399104936,103.24670923079118,102.81219599853073,146.65884117531778,139.53705554444662,168.71082320582443,144.49345048696867,132.30186755352307,25.709394625235003,163.73908315658076,159.47050103496878,4.992064270785486,0.0,142.68566018826027
HEPC108,122.39258919309005,125.29776365698375,130.73063520575346,133.988145369369,165.01611192148593,150.30585562321076,149.6448642468507,150.68989558551,164.1464314293433,125.86976028291568,133.40215275197306,130.09406323280112,119.35569893490249,177.6670627264408,118.47874093907912,167.6008913569407,166.9953701821508,24.598579620232385,25.55883898054696,33.27058127802379,6.22007772303386,96.58907760090956,163.3346426459846,55.46643538808557,60.423251022836546,140.64169272169158,142.68566018826027,0.0
